2026/09/12 09:44:22.290, 0, 29248, 32607, 0, 32.76
2026/09/12 09:44:22.300, 1, 15, 32607, 0, 35.64
2026/09/12 09:44:23.339, 0, 29248, 32607, 100, 175.43
2026/09/12 09:44:23.339, 1, 15, 32607, 0, 34.59
2026/09/12 09:44:24.339, 0, 29248, 32607, 68, 402.77
2026/09/12 09:44:24.339, 1, 15, 32607, 0, 33.54
2026/09/12 09:44:25.339, 0, 29248, 32607, 97, 370.14
2026/09/12 09:44:25.339, 1, 15, 32607, 0, 32.62
2026/09/12 09:44:26.339, 0, 29248, 32607, 100, 349.68
2026/09/12 09:44:26.340, 1, 15, 32607, 0, 32.64
2026/09/12 09:44:27.340, 0, 29248, 32607, 100, 329.98
2026/09/12 09:44:27.340, 1, 15, 32607, 0, 32.74
2026/09/12 09:44:28.340, 0, 29248, 32607, 100, 395.88
2026/09/12 09:44:28.340, 1, 15, 32607, 0, 33.19
2026/09/12 09:44:29.340, 0, 29248, 32607, 100, 314.02
2026/09/12 09:44:29.340, 1, 15, 32607, 0, 34.48
2026/09/12 09:44:30.341, 0, 29248, 32607, 99, 411.87
2026/09/12 09:44:30.341, 1, 15, 32607, 0, 32.61
2026/09/12 09:44:31.341, 0, 29248, 32607, 100, 365.86
2026/09/12 09:44:31.341, 1, 15, 32607, 0, 32.71
2026/09/12 09:44:32.341, 0, 29248, 32607, 99, 414.53
2026/09/12 09:44:32.341, 1, 15, 32607, 0, 32.63
2026/09/12 09:44:33.341, 0, 29248, 32607, 100, 417.97
2026/09/12 09:44:33.341, 1, 15, 32607, 0, 32.56
2026/09/12 09:44:34.342, 0, 29248, 32607, 100, 385.93
2026/09/12 09:44:34.342, 1, 15, 32607, 0, 32.44
2026/09/12 09:44:35.342, 0, 29248, 32607, 100, 376.30
2026/09/12 09:44:35.342, 1, 15, 32607, 0, 32.50
2026/09/12 09:44:36.342, 0, 29248, 32607, 99, 400.16
2026/09/12 09:44:36.342, 1, 15, 32607, 0, 34.45
2026/09/12 09:44:37.343, 0, 29248, 32607, 99, 409.90
2026/09/12 09:44:37.343, 1, 15, 32607, 0, 32.64
2026/09/12 09:44:38.343, 0, 29248, 32607, 99, 385.41
2026/09/12 09:44:38.343, 1, 15, 32607, 0, 32.69
2026/09/12 09:44:39.343, 0, 29248, 32607, 99, 370.14
2026/09/12 09:44:39.343, 1, 15, 32607, 0, 32.68
2026/09/12 09:44:40.343, 0, 29248, 32607, 100, 352.03
2026/09/12 09:44:40.344, 1, 15, 32607, 0, 32.80
2026/09/12 09:44:41.344, 0, 29248, 32607, 50, 403.56
2026/09/12 09:44:41.344, 1, 15, 32607, 0, 32.53
2026/09/12 09:44:42.344, 0, 29248, 32607, 100, 326.89
2026/09/12 09:44:42.344, 1, 15, 32607, 0, 32.13
2026/09/12 09:44:43.345, 0, 29248, 32607, 64, 409.20
2026/09/12 09:44:43.346, 1, 15, 32607, 0, 33.15
2026/09/12 09:44:44.346, 0, 29248, 32607, 100, 384.31
2026/09/12 09:44:44.346, 1, 15, 32607, 0, 34.21
2026/09/12 09:44:45.347, 0, 29248, 32607, 100, 418.90
2026/09/12 09:44:45.348, 1, 15, 32607, 0, 32.29
2026/09/12 09:44:46.348, 0, 29248, 32607, 99, 426.75
2026/09/12 09:44:46.348, 1, 15, 32607, 0, 32.32
2026/09/12 09:44:47.348, 0, 29248, 32607, 100, 382.31
2026/09/12 09:44:47.348, 1, 15, 32607, 0, 32.31
2026/09/12 09:44:48.348, 0, 29248, 32607, 100, 383.44
2026/09/12 09:44:48.349, 1, 15, 32607, 0, 32.40
2026/09/12 09:44:49.349, 0, 29248, 32607, 99, 415.33
2026/09/12 09:44:49.349, 1, 15, 32607, 0, 32.90
2026/09/12 09:44:50.349, 0, 29248, 32607, 100, 378.99
2026/09/12 09:44:50.349, 1, 15, 32607, 0, 33.12
2026/09/12 09:44:51.349, 0, 29248, 32607, 100, 380.25
2026/09/12 09:44:51.349, 1, 15, 32607, 0, 33.89
2026/09/12 09:44:52.349, 0, 29248, 32607, 99, 383.36
2026/09/12 09:44:52.350, 1, 15, 32607, 0, 32.75
2026/09/12 09:44:53.350, 0, 29248, 32607, 98, 392.91
2026/09/12 09:44:53.350, 1, 15, 32607, 0, 32.72
2026/09/12 09:44:54.350, 0, 29248, 32607, 100, 325.75
2026/09/12 09:44:54.350, 1, 15, 32607, 0, 33.03
2026/09/12 09:44:55.351, 0, 29248, 32607, 99, 422.56
2026/09/12 09:44:55.351, 1, 15, 32607, 0, 33.03
2026/09/12 09:44:56.352, 0, 29248, 32607, 100, 421.10
2026/09/12 09:44:56.352, 1, 15, 32607, 0, 32.79
2026/09/12 09:44:57.353, 0, 29248, 32607, 99, 428.10
2026/09/12 09:44:57.353, 1, 15, 32607, 0, 32.85
2026/09/12 09:44:58.353, 0, 29248, 32607, 100, 418.96
2026/09/12 09:44:58.353, 1, 15, 32607, 0, 34.11
2026/09/12 09:44:59.353, 0, 29248, 32607, 100, 405.24
2026/09/12 09:44:59.354, 1, 15, 32607, 0, 32.78
2026/09/12 09:45:00.354, 0, 29248, 32607, 38, 387.85
2026/09/12 09:45:00.354, 1, 15, 32607, 0, 32.42
2026/09/12 09:45:01.354, 0, 29248, 32607, 100, 401.25
2026/09/12 09:45:01.354, 1, 15, 32607, 0, 32.60
2026/09/12 09:45:02.354, 0, 29248, 32607, 100, 402.07
2026/09/12 09:45:02.355, 1, 15, 32607, 0, 32.78
2026/09/12 09:45:03.355, 0, 29248, 32607, 100, 400.97
2026/09/12 09:45:03.355, 1, 15, 32607, 0, 32.59
2026/09/12 09:45:04.355, 0, 29248, 32607, 99, 433.21
2026/09/12 09:45:04.355, 1, 15, 32607, 0, 33.29
2026/09/12 09:45:05.355, 0, 29248, 32607, 100, 349.64
2026/09/12 09:45:05.355, 1, 15, 32607, 0, 34.08
2026/09/12 09:45:06.355, 0, 29248, 32607, 87, 366.36
2026/09/12 09:45:06.355, 1, 15, 32607, 0, 32.43
2026/09/12 09:45:07.355, 0, 29248, 32607, 100, 389.14
2026/09/12 09:45:07.360, 1, 15, 32607, 0, 32.69
2026/09/12 09:45:08.361, 0, 29248, 32607, 100, 397.39
2026/09/12 09:45:08.361, 1, 15, 32607, 0, 32.56
2026/09/12 09:45:09.361, 0, 29248, 32607, 100, 417.87
2026/09/12 09:45:09.361, 1, 15, 32607, 0, 32.79
2026/09/12 09:45:10.362, 0, 29248, 32607, 100, 429.58
2026/09/12 09:45:10.362, 1, 15, 32607, 0, 32.40
2026/09/12 09:45:11.362, 0, 29248, 32607, 99, 434.36
2026/09/12 09:45:11.362, 1, 15, 32607, 0, 32.54
2026/09/12 09:45:12.362, 0, 29248, 32607, 98, 390.96
2026/09/12 09:45:12.362, 1, 15, 32607, 0, 33.78
2026/09/12 09:45:13.363, 0, 29248, 32607, 100, 385.92
2026/09/12 09:45:13.363, 1, 15, 32607, 0, 32.65
2026/09/12 09:45:14.363, 0, 29248, 32607, 95, 433.46
2026/09/12 09:45:14.363, 1, 15, 32607, 0, 32.65
2026/09/12 09:45:15.363, 0, 29248, 32607, 99, 388.85
2026/09/12 09:45:15.363, 1, 15, 32607, 0, 32.43
2026/09/12 09:45:16.364, 0, 29248, 32607, 100, 387.15
2026/09/12 09:45:16.364, 1, 15, 32607, 0, 32.64
2026/09/12 09:45:17.364, 0, 29248, 32607, 100, 367.28
2026/09/12 09:45:17.364, 1, 15, 32607, 0, 32.75
2026/09/12 09:45:18.364, 0, 29248, 32607, 100, 421.39
2026/09/12 09:45:18.364, 1, 15, 32607, 0, 32.66
2026/09/12 09:45:19.364, 0, 29248, 32607, 100, 334.14
2026/09/12 09:45:19.365, 1, 15, 32607, 0, 34.22
2026/09/12 09:45:20.365, 0, 29248, 32607, 99, 429.70
2026/09/12 09:45:20.365, 1, 15, 32607, 0, 32.72
2026/09/12 09:45:21.365, 0, 29248, 32607, 100, 393.58
2026/09/12 09:45:21.365, 1, 15, 32607, 0, 32.61
2026/09/12 09:45:22.366, 0, 29248, 32607, 100, 432.21
2026/09/12 09:45:22.366, 1, 15, 32607, 0, 32.63
2026/09/12 09:45:23.366, 0, 29248, 32607, 100, 437.68
2026/09/12 09:45:23.366, 1, 15, 32607, 0, 32.74
2026/09/12 09:45:24.366, 0, 29248, 32607, 100, 395.58
2026/09/12 09:45:24.366, 1, 15, 32607, 0, 32.76
